INSERT INTO category(category_id, name, created_at, updated_at, CREATE_ID, UPDATE_ID)
VALUES (1, '신발', now(), now(), 'adm', 'adm'),
       (2, '상의', now(), now(), 'adm', 'adm'),
       (3, '하의', now(), now(), 'adm', 'adm'),
       (4, '아우터', now(), now(), 'adm', 'adm');

INSERT INTO CATEGORY_DETAIL(CATEGORY_DETAIL_ID, CATEGORY_ID, NAME, CREATED_AT, UPDATED_AT,
                            CREATE_ID, UPDATE_ID)
VALUES (1, 1, '스니커즈', now(), now(), 'adm', 'adm'),
       (2, 1, '구두', now(), now(), 'adm', 'adm'),
       (3, 1, '샌들/슬리퍼', now(), now(), 'adm', 'adm'),
       (4, 1, '부츠', now(), now(), 'adm', 'adm'),
       (5, 3, '긴바지', now(), now(), 'adm', 'adm'),
       (6, 3, '반바지', now(), now(), 'adm', 'adm'),
       (7, 3, '스커트', now(), now(), 'adm', 'adm'),
       (8, 3, '레깅스', now(), now(), 'adm', 'adm'),
       (9, 4, '가디건', now(), now(), 'adm', 'adm'),
       (12, 4, '니트', now(), now(), 'adm', 'adm'),
       (13, 4, '코트', now(), now(), 'adm', 'adm'),
       (14, 4, '자켓', now(), now(), 'adm', 'adm'),
       (15, 4, '아노락', now(), now(), 'adm', 'adm'),
       (16, 4, '패딩', now(), now(), 'adm', 'adm'),
       (10, 2, '긴팔 티셔츠', now(), now(), 'adm', 'adm'),
       (11, 2, '반팔 티셔츠', now(), now(), 'adm', 'adm');

INSERT INTO BRAND(BRAND_ID, NAME, CREATED_AT, UPDATED_AT, CREATE_ID, UPDATE_ID)
VALUES (1, 'Rab', now(), now(), 'adm', 'adm'),
       (2, 'Fjallraven', now(), now(), 'adm', 'adm'),
       (3, 'Converse', now(), now(), 'adm', 'adm'),
       (4, 'The North Face', now(), now(), 'adm', 'adm'),
       (5, 'New Balance', now(), now(), 'adm', 'adm'),
       (6, 'Under Armour', now(), now(), 'adm', 'adm'),
       (7, 'Guess', now(), now(), 'adm', 'adm'),
       (8, 'Nike', now(), now(), 'adm', 'adm'),
       (9, 'Lee', now(), now(), 'adm', 'adm'),
       (10, 'Reebok', now(), now(), 'adm', 'adm'),
       (11, 'Champion', now(), now(), 'adm', 'adm'),
       (12, 'Helly Hansen', now(), now(), 'adm', 'adm'),
       (13, 'Adidas', now(), now(), 'adm', 'adm'),
       (14, 'Arc\'teryx', now(), now(), 'adm', 'adm'),
       (15, 'Columbia', now(), now(), 'adm', 'adm'),
       (16, 'Asics', now(), now(), 'adm', 'adm'),
       (17, 'Dickies', now(), now(), 'adm', 'adm'),
       (18, 'Skechers', now(), now(), 'adm', 'adm'),
       (19, 'Canada Goose', now(), now(), 'adm', 'adm'),
       (20, 'Puma', now(), now(), 'adm', 'adm'),
       (21, 'Calvin Klein', now(), now(), 'adm', 'adm'),
       (22, 'Levi\'s', now(), now(), 'adm', 'adm'),
       (23, 'Carhartt', now(), now(), 'adm', 'adm'),
       (24, 'Wrangler', now(), now(), 'adm', 'adm'),
       (25, 'Marmot', now(), now(), 'adm', 'adm'),
       (26, 'Mammut', now(), now(), 'adm', 'adm'),
       (27, 'Vans', now(), now(), 'adm', 'adm'),
       (28, 'Patagonia', now(), now(), 'adm', 'adm'),
       (29, 'Tommy Hilfiger', now(), now(), 'adm', 'adm'),
       (30, 'Zara', now(), now(), 'adm', 'adm'),
       (31, 'H&M', now(), now(), 'adm', 'adm');